"Program","Year","Period","Week Ending","Geo Level","State","State ANSI","Ag District","Ag District Code","County","County ANSI","Zip Code","Region","watershed_code","Watershed","Commodity","Data Item","Domain","Domain Category","Value","CV (%)"
"SURVEY","2019","MARKETING YEAR","","NATIONAL","US TOTAL","","","","","","","","00000000","","HONEY","HONEY, BEE COLONIES - INVENTORY, MEASURED IN COLONIES","TOTAL","NOT SPECIFIED","2,812,000",""
"SURVEY","2019","FIRST OF JAN","","NATIONAL","US TOTAL","","","","","","","","00000000","","HONEY","HONEY, BEE COLONIES - INVENTORY, MEASURED IN COLONIES","TOTAL","NOT SPECIFIED","2,671,470",""
"SURVEY","2019","JAN THRU MAR","","NATIONAL","US TOTAL","","","","","","","","00000000","","HONEY","HONEY, BEE COLONIES - LOSS, COLONY COLLAPSE DISORDER, MEASURED IN COLONIES","TOTAL","NOT SPECIFIED","59,940",""
"SURVEY","2019","JAN THRU MAR","","NATIONAL","US TOTAL","","","","","","","","00000000","","HONEY","HONEY, BEE COLONIES - LOSS, DEADOUT, MEASURED IN COLONIES","TOTAL","NOT SPECIFIED","407,700",""
"SURVEY","2019","JAN THRU MAR","","NATIONAL","US TOTAL","","","","","","","","00000000","","HONEY","HONEY, BEE COLONIES - LOSS, DEADOUT, MEASURED IN PCT OF COLONIES","TOTAL","NOT SPECIFIED","15",""
"SURVEY","2019","JAN THRU MAR","","NATIONAL","US TOTAL","","","","","","","","00000000","","HONEY","HONEY, BEE COLONIES, AFFECTED BY DISEASE - INVENTORY, MEASURED IN PCT OF COLONIES","TOTAL","NOT SPECIFIED","7.1",""
"SURVEY","2019","JAN THRU MAR","","NATIONAL","US TOTAL","","","","","","","","00000000","","HONEY","HONEY, BEE COLONIES, AFFECTED BY OTHER CAUSES - INVENTORY, MEASURED IN PCT OF COLONIES","TOTAL","NOT SPECIFIED","9",""
"SURVEY","2019","JAN THRU MAR","","NATIONAL","US TOTAL","","","","","","","","00000000","","HONEY","HONEY, BEE COLONIES, AFFECTED BY PESTICIDES - INVENTORY, MEASURED IN PCT OF COLONIES","TOTAL","NOT SPECIFIED","13.6",""
"SURVEY","2019","JAN THRU MAR","","NATIONAL","US TOTAL","","","","","","","","00000000","","HONEY","HONEY, BEE COLONIES, AFFECTED BY PESTS ((EXCL VARROA MITES)) - INVENTORY, MEASURED IN PCT OF COLONIES","TOTAL","NOT SPECIFIED","14.8",""
"SURVEY","2019","JAN THRU MAR","","NATIONAL","US TOTAL","","","","","","","","00000000","","HONEY","HONEY, BEE COLONIES, AFFECTED BY UNKNOWN CAUSES - INVENTORY, MEASURED IN PCT OF COLONIES","TOTAL","NOT SPECIFIED","5.2",""
"SURVEY","2019","JAN THRU MAR","","NATIONAL","US TOTAL","","","","","","","","00000000","","HONEY","HONEY, BEE COLONIES, AFFECTED BY VARROA MITES - INVENTORY, MEASURED IN PCT OF COLONIES","TOTAL","NOT SPECIFIED","45.6",""
"SURVEY","2018","MARKETING YEAR","","NATIONAL","US TOTAL","","","","","","","","00000000","","HONEY","HONEY, BEE COLONIES - INVENTORY, MEASURED IN COLONIES","TOTAL","NOT SPECIFIED","2,828,000",""
"SURVEY","2018","FIRST OF JAN","","NATIONAL","US TOTAL","","","","","","","","00000000","","HONEY","HONEY, BEE COLONIES - INVENTORY, MEASURED IN COLONIES","TOTAL","NOT SPECIFIED","2,635,220",""
"SURVEY","2018","JAN THRU MAR","","NATIONAL","US TOTAL","","","","","","","","00000000","","HONEY","HONEY, BEE COLONIES - LOSS, COLONY COLLAPSE DISORDER, MEASURED IN COLONIES","TOTAL","NOT SPECIFIED","81,140",""
"SURVEY","2018","JAN THRU MAR","","NATIONAL","US TOTAL","","","","","","","","00000000","","HONEY","HONEY, BEE COLONIES - LOSS, DEADOUT, MEASURED IN COLONIES","TOTAL","NOT SPECIFIED","438,030",""
"SURVEY","2018","JAN THRU MAR","","NATIONAL","US TOTAL","","","","","","","","00000000","","HONEY","HONEY, BEE COLONIES - LOSS, DEADOUT, MEASURED IN PCT OF COLONIES","TOTAL","NOT SPECIFIED","17",""
"SURVEY","2018","JAN THRU MAR","","NATIONAL","US TOTAL","","","","","","","","00000000","","HONEY","HONEY, BEE COLONIES, AFFECTED BY DISEASE - INVENTORY, MEASURED IN PCT OF COLONIES","TOTAL","NOT SPECIFIED","4.3",""
"SURVEY","2018","JAN THRU MAR","","NATIONAL","US TOTAL","","","","","","","","00000000","","HONEY","HONEY, BEE COLONIES, AFFECTED BY OTHER CAUSES - INVENTORY, MEASURED IN PCT OF COLONIES","TOTAL","NOT SPECIFIED","8.7",""
"SURVEY","2018","JAN THRU MAR","","NATIONAL","US TOTAL","","","","","","","","00000000","","HONEY","HONEY, BEE COLONIES, AFFECTED BY PESTICIDES - INVENTORY, MEASURED IN PCT OF COLONIES","TOTAL","NOT SPECIFIED","10.3",""
"SURVEY","2018","JAN THRU MAR","","NATIONAL","US TOTAL","","","","","","","","00000000","","HONEY","HONEY, BEE COLONIES, AFFECTED BY PESTS ((EXCL VARROA MITES)) - INVENTORY, MEASURED IN PCT OF COLONIES","TOTAL","NOT SPECIFIED","12.7",""
"SURVEY","2018","JAN THRU MAR","","NATIONAL","US TOTAL","","","","","","","","00000000","","HONEY","HONEY, BEE COLONIES, AFFECTED BY UNKNOWN CAUSES - INVENTORY, MEASURED IN PCT OF COLONIES","TOTAL","NOT SPECIFIED","7.1",""
"SURVEY","2018","JAN THRU MAR","","NATIONAL","US TOTAL","","","","","","","","00000000","","HONEY","HONEY, BEE COLONIES, AFFECTED BY VARROA MITES - INVENTORY, MEASURED IN PCT OF COLONIES","TOTAL","NOT SPECIFIED","40.7",""
"SURVEY","2018","APR THRU JUN","","NATIONAL","US TOTAL","","","","","","","","00000000","","HONEY","HONEY, BEE COLONIES - LOSS, COLONY COLLAPSE DISORDER, MEASURED IN COLONIES","TOTAL","NOT SPECIFIED","49,030",""
"SURVEY","2018","APR THRU JUN","","NATIONAL","US TOTAL","","","","","","","","00000000","","HONEY","HONEY, BEE COLONIES - LOSS, DEADOUT, MEASURED IN COLONIES","TOTAL","NOT SPECIFIED","355,270",""
"SURVEY","2018","APR THRU JUN","","NATIONAL","US TOTAL","","","","","","","","00000000","","HONEY","HONEY, BEE COLONIES - LOSS, DEADOUT, MEASURED IN PCT OF COLONIES","TOTAL","NOT SPECIFIED","13",""
"SURVEY","2018","APR THRU JUN","","NATIONAL","US TOTAL","","","","","","","","00000000","","HONEY","HONEY, BEE COLONIES, AFFECTED BY DISEASE - INVENTORY, MEASURED IN PCT OF COLONIES","TOTAL","NOT SPECIFIED","11.6",""
"SURVEY","2018","APR THRU JUN","","NATIONAL","US TOTAL","","","","","","","","00000000","","HONEY","HONEY, BEE COLONIES, AFFECTED BY OTHER CAUSES - INVENTORY, MEASURED IN PCT OF COLONIES","TOTAL","NOT SPECIFIED","14.7",""
"SURVEY","2018","APR THRU JUN","","NATIONAL","US TOTAL","","","","","","","","00000000","","HONEY","HONEY, BEE COLONIES, AFFECTED BY PESTICIDES - INVENTORY, MEASURED IN PCT OF COLONIES","TOTAL","NOT SPECIFIED","13.3",""
"SURVEY","2018","APR THRU JUN","","NATIONAL","US TOTAL","","","","","","","","00000000","","HONEY","HONEY, BEE COLONIES, AFFECTED BY PESTS ((EXCL VARROA MITES)) - INVENTORY, MEASURED IN PCT OF COLONIES","TOTAL","NOT SPECIFIED","19.4",""
"SURVEY","2018","APR THRU JUN","","NATIONAL","US TOTAL","","","","","","","","00000000","","HONEY","HONEY, BEE COLONIES, AFFECTED BY UNKNOWN CAUSES - INVENTORY, MEASURED IN PCT OF COLONIES","TOTAL","NOT SPECIFIED","9.3",""
"SURVEY","2018","APR THRU JUN","","NATIONAL","US TOTAL","","","","","","","","00000000","","HONEY","HONEY, BEE COLONIES, AFFECTED BY VARROA MITES - INVENTORY, MEASURED IN PCT OF COLONIES","TOTAL","NOT SPECIFIED","56.4",""
"SURVEY","2018","FIRST OF APR","","NATIONAL","US TOTAL","","","","","","","","00000000","","HONEY","HONEY, BEE COLONIES - INVENTORY, MEASURED IN COLONIES","TOTAL","NOT SPECIFIED","2,665,880",""
"SURVEY","2018","FIRST OF JUL","","NATIONAL","US TOTAL","","","","","","","","00000000","","HONEY","HONEY, BEE COLONIES - INVENTORY, MEASURED IN COLONIES","TOTAL","NOT SPECIFIED","2,958,790",""
"SURVEY","2018","JUL THRU SEP","","NATIONAL","US TOTAL","","","","","","","","00000000","","HONEY","HONEY, BEE COLONIES - LOSS, COLONY COLLAPSE DISORDER, MEASURED IN COLONIES","TOTAL","NOT SPECIFIED","78,270",""
"SURVEY","2018","JUL THRU SEP","","NATIONAL","US TOTAL","","","","","","","","00000000","","HONEY","HONEY, BEE COLONIES - LOSS, DEADOUT, MEASURED IN COLONIES","TOTAL","NOT SPECIFIED","377,120",""
"SURVEY","2018","JUL THRU SEP","","NATIONAL","US TOTAL","","","","","","","","00000000","","HONEY","HONEY, BEE COLONIES - LOSS, DEADOUT, MEASURED IN PCT OF COLONIES","TOTAL","NOT SPECIFIED","13",""
"SURVEY","2018","JUL THRU SEP","","NATIONAL","US TOTAL","","","","","","","","00000000","","HONEY","HONEY, BEE COLONIES, AFFECTED BY DISEASE - INVENTORY, MEASURED IN PCT OF COLONIES","TOTAL","NOT SPECIFIED","6.4",""
"SURVEY","2018","JUL THRU SEP","","NATIONAL","US TOTAL","","","","","","","","00000000","","HONEY","HONEY, BEE COLONIES, AFFECTED BY OTHER CAUSES - INVENTORY, MEASURED IN PCT OF COLONIES","TOTAL","NOT SPECIFIED","13.9",""
"SURVEY","2018","JUL THRU SEP","","NATIONAL","US TOTAL","","","","","","","","00000000","","HONEY","HONEY, BEE COLONIES, AFFECTED BY PESTICIDES - INVENTORY, MEASURED IN PCT OF COLONIES","TOTAL","NOT SPECIFIED","15.7",""
"SURVEY","2018","JUL THRU SEP","","NATIONAL","US TOTAL","","","","","","","","00000000","","HONEY","HONEY, BEE COLONIES, AFFECTED BY PESTS ((EXCL VARROA MITES)) - INVENTORY, MEASURED IN PCT OF COLONIES","TOTAL","NOT SPECIFIED","15.2",""
"SURVEY","2018","JUL THRU SEP","","NATIONAL","US TOTAL","","","","","","","","00000000","","HONEY","HONEY, BEE COLONIES, AFFECTED BY UNKNOWN CAUSES - INVENTORY, MEASURED IN PCT OF COLONIES","TOTAL","NOT SPECIFIED","4.7",""
"SURVEY","2018","JUL THRU SEP","","NATIONAL","US TOTAL","","","","","","","","00000000","","HONEY","HONEY, BEE COLONIES, AFFECTED BY VARROA MITES - INVENTORY, MEASURED IN PCT OF COLONIES","TOTAL","NOT SPECIFIED","53.8",""
"SURVEY","2018","FIRST OF OCT","","NATIONAL","US TOTAL","","","","","","","","00000000","","HONEY","HONEY, BEE COLONIES - INVENTORY, MEASURED IN COLONIES","TOTAL","NOT SPECIFIED","2,868,970",""
"SURVEY","2018","OCT THRU DEC","","NATIONAL","US TOTAL","","","","","","","","00000000","","HONEY","HONEY, BEE COLONIES - LOSS, COLONY COLLAPSE DISORDER, MEASURED IN COLONIES","TOTAL","NOT SPECIFIED","122,240",""
"SURVEY","2018","OCT THRU DEC","","NATIONAL","US TOTAL","","","","","","","","00000000","","HONEY","HONEY, BEE COLONIES - LOSS, DEADOUT, MEASURED IN COLONIES","TOTAL","NOT SPECIFIED","444,730",""
"SURVEY","2018","OCT THRU DEC","","NATIONAL","US TOTAL","","","","","","","","00000000","","HONEY","HONEY, BEE COLONIES - LOSS, DEADOUT, MEASURED IN PCT OF COLONIES","TOTAL","NOT SPECIFIED","16",""
"SURVEY","2018","OCT THRU DEC","","NATIONAL","US TOTAL","","","","","","","","00000000","","HONEY","HONEY, BEE COLONIES, AFFECTED BY DISEASE - INVENTORY, MEASURED IN PCT OF COLONIES","TOTAL","NOT SPECIFIED","10.4",""
"SURVEY","2018","OCT THRU DEC","","NATIONAL","US TOTAL","","","","","","","","00000000","","HONEY","HONEY, BEE COLONIES, AFFECTED BY OTHER CAUSES - INVENTORY, MEASURED IN PCT OF COLONIES","TOTAL","NOT SPECIFIED","8.4",""
"SURVEY","2018","OCT THRU DEC","","NATIONAL","US TOTAL","","","","","","","","00000000","","HONEY","HONEY, BEE COLONIES, AFFECTED BY PESTICIDES - INVENTORY, MEASURED IN PCT OF COLONIES","TOTAL","NOT SPECIFIED","13.8",""
"SURVEY","2018","OCT THRU DEC","","NATIONAL","US TOTAL","","","","","","","","00000000","","HONEY","HONEY, BEE COLONIES, AFFECTED BY PESTS ((EXCL VARROA MITES)) - INVENTORY, MEASURED IN PCT OF COLONIES","TOTAL","NOT SPECIFIED","20.3",""
"SURVEY","2018","OCT THRU DEC","","NATIONAL","US TOTAL","","","","","","","","00000000","","HONEY","HONEY, BEE COLONIES, AFFECTED BY UNKNOWN CAUSES - INVENTORY, MEASURED IN PCT OF COLONIES","TOTAL","NOT SPECIFIED","6.5",""
"SURVEY","2018","OCT THRU DEC","","NATIONAL","US TOTAL","","","","","","","","00000000","","HONEY","HONEY, BEE COLONIES, AFFECTED BY VARROA MITES - INVENTORY, MEASURED IN PCT OF COLONIES","TOTAL","NOT SPECIFIED","50.5",""
"SURVEY","2017","MARKETING YEAR","","NATIONAL","US TOTAL","","","","","","","","00000000","","HONEY","HONEY, BEE COLONIES - INVENTORY, MEASURED IN COLONIES","TOTAL","NOT SPECIFIED","2,684,000",""
"SURVEY","2017","YEAR","","NATIONAL","US TOTAL","","","","","","","","00000000","","HONEY","HONEY, BEE COLONIES - LOSS, COLONY COLLAPSE DISORDER, MEASURED IN COLONIES","INVENTORY OF BEE COLONIES","INVENTORY OF BEE COLONIES: (LESS THAN 5 COLONIES)","6,000",""
"SURVEY","2017","YEAR","","NATIONAL","US TOTAL","","","","","","","","00000000","","HONEY","HONEY, BEE COLONIES, AFFECTED BY DISEASE - INVENTORY, MEASURED IN PCT OF COLONIES","INVENTORY OF BEE COLONIES","INVENTORY OF BEE COLONIES: (LESS THAN 5 COLONIES)","0",""
"SURVEY","2017","YEAR","","NATIONAL","US TOTAL","","","","","","","","00000000","","HONEY","HONEY, BEE COLONIES, AFFECTED BY OTHER CAUSES - INVENTORY, MEASURED IN PCT OF COLONIES","INVENTORY OF BEE COLONIES","INVENTORY OF BEE COLONIES: (LESS THAN 5 COLONIES)","13",""
"SURVEY","2017","YEAR","","NATIONAL","US TOTAL","","","","","","","","00000000","","HONEY","HONEY, BEE COLONIES, AFFECTED BY PESTICIDES - INVENTORY, MEASURED IN PCT OF COLONIES","INVENTORY OF BEE COLONIES","INVENTORY OF BEE COLONIES: (LESS THAN 5 COLONIES)","5",""
"SURVEY","2017","YEAR","","NATIONAL","US TOTAL","","","","","","","","00000000","","HONEY","HONEY, BEE COLONIES, AFFECTED BY PESTS (EXCL VARROA MITES) - INVENTORY, MEASURED IN PCT OF COLONIES","INVENTORY OF BEE COLONIES","INVENTORY OF BEE COLONIES: (LESS THAN 5 COLONIES)","18.2",""
"SURVEY","2017","YEAR","","NATIONAL","US TOTAL","","","","","","","","00000000","","HONEY","HONEY, BEE COLONIES, AFFECTED BY UNKNOWN CAUSES - INVENTORY, MEASURED IN PCT OF COLONIES","INVENTORY OF BEE COLONIES","INVENTORY OF BEE COLONIES: (LESS THAN 5 COLONIES)","22.2",""
"SURVEY","2017","YEAR","","NATIONAL","US TOTAL","","","","","","","","00000000","","HONEY","HONEY, BEE COLONIES, AFFECTED BY VARROA MITES - INVENTORY, MEASURED IN PCT OF COLONIES","INVENTORY OF BEE COLONIES","INVENTORY OF BEE COLONIES: (LESS THAN 5 COLONIES)","26.3",""
"SURVEY","2017","FIRST OF JAN","","NATIONAL","US TOTAL","","","","","","","","00000000","","HONEY","HONEY, BEE COLONIES - INVENTORY, MEASURED IN COLONIES","INVENTORY OF BEE COLONIES","INVENTORY OF BEE COLONIES: (LESS THAN 5 COLONIES)","40,000",""
"SURVEY","2017","FIRST OF JAN","","NATIONAL","US TOTAL","","","","","","","","00000000","","HONEY","HONEY, BEE COLONIES - INVENTORY, MEASURED IN COLONIES","TOTAL","NOT SPECIFIED","2,641,090",""
"SURVEY","2017","JAN THRU MAR","","NATIONAL","US TOTAL","","","","","","","","00000000","","HONEY","HONEY, BEE COLONIES - LOSS, COLONY COLLAPSE DISORDER, MEASURED IN COLONIES","TOTAL","NOT SPECIFIED","67,830",""
"SURVEY","2017","JAN THRU MAR","","NATIONAL","US TOTAL","","","","","","","","00000000","","HONEY","HONEY, BEE COLONIES - LOSS, DEADOUT, MEASURED IN COLONIES","INVENTORY OF BEE COLONIES","INVENTORY OF BEE COLONIES: (LESS THAN 5 COLONIES)","13,500",""
"SURVEY","2017","JAN THRU MAR","","NATIONAL","US TOTAL","","","","","","","","00000000","","HONEY","HONEY, BEE COLONIES - LOSS, DEADOUT, MEASURED IN COLONIES","TOTAL","NOT SPECIFIED","398,650",""
"SURVEY","2017","JAN THRU MAR","","NATIONAL","US TOTAL","","","","","","","","00000000","","HONEY","HONEY, BEE COLONIES - LOSS, DEADOUT, MEASURED IN PCT OF COLONIES","INVENTORY OF BEE COLONIES","INVENTORY OF BEE COLONIES: (LESS THAN 5 COLONIES)","34",""
"SURVEY","2017","JAN THRU MAR","","NATIONAL","US TOTAL","","","","","","","","00000000","","HONEY","HONEY, BEE COLONIES - LOSS, DEADOUT, MEASURED IN PCT OF COLONIES","TOTAL","NOT SPECIFIED","15",""
"SURVEY","2017","JAN THRU MAR","","NATIONAL","US TOTAL","","","","","","","","00000000","","HONEY","HONEY, BEE COLONIES, AFFECTED BY DISEASE - INVENTORY, MEASURED IN PCT OF COLONIES","TOTAL","NOT SPECIFIED","7",""
"SURVEY","2017","JAN THRU MAR","","NATIONAL","US TOTAL","","","","","","","","00000000","","HONEY","HONEY, BEE COLONIES, AFFECTED BY OTHER CAUSES - INVENTORY, MEASURED IN PCT OF COLONIES","TOTAL","NOT SPECIFIED","7.2",""
"SURVEY","2017","JAN THRU MAR","","NATIONAL","US TOTAL","","","","","","","","00000000","","HONEY","HONEY, BEE COLONIES, AFFECTED BY PESTICIDES - INVENTORY, MEASURED IN PCT OF COLONIES","TOTAL","NOT SPECIFIED","8.9",""
"SURVEY","2017","JAN THRU MAR","","NATIONAL","US TOTAL","","","","","","","","00000000","","HONEY","HONEY, BEE COLONIES, AFFECTED BY PESTS ((EXCL VARROA MITES)) - INVENTORY, MEASURED IN PCT OF COLONIES","TOTAL","NOT SPECIFIED","15.5",""
"SURVEY","2017","JAN THRU MAR","","NATIONAL","US TOTAL","","","","","","","","00000000","","HONEY","HONEY, BEE COLONIES, AFFECTED BY UNKNOWN CAUSES - INVENTORY, MEASURED IN PCT OF COLONIES","TOTAL","NOT SPECIFIED","7.4",""
"SURVEY","2017","JAN THRU MAR","","NATIONAL","US TOTAL","","","","","","","","00000000","","HONEY","HONEY, BEE COLONIES, AFFECTED BY VARROA MITES - INVENTORY, MEASURED IN PCT OF COLONIES","TOTAL","NOT SPECIFIED","42.2",""
"SURVEY","2017","APR THRU JUN","","NATIONAL","US TOTAL","","","","","","","","00000000","","HONEY","HONEY, BEE COLONIES - LOSS, COLONY COLLAPSE DISORDER, MEASURED IN COLONIES","TOTAL","NOT SPECIFIED","33,010",""
"SURVEY","2017","APR THRU JUN","","NATIONAL","US TOTAL","","","","","","","","00000000","","HONEY","HONEY, BEE COLONIES - LOSS, DEADOUT, MEASURED IN COLONIES","INVENTORY OF BEE COLONIES","INVENTORY OF BEE COLONIES: (LESS THAN 5 COLONIES)","4,200",""
"SURVEY","2017","APR THRU JUN","","NATIONAL","US TOTAL","","","","","","","","00000000","","HONEY","HONEY, BEE COLONIES - LOSS, DEADOUT, MEASURED IN COLONIES","TOTAL","NOT SPECIFIED","285,590",""
"SURVEY","2017","APR THRU JUN","","NATIONAL","US TOTAL","","","","","","","","00000000","","HONEY","HONEY, BEE COLONIES - LOSS, DEADOUT, MEASURED IN PCT OF COLONIES","INVENTORY OF BEE COLONIES","INVENTORY OF BEE COLONIES: (LESS THAN 5 COLONIES)","12",""
"SURVEY","2017","APR THRU JUN","","NATIONAL","US TOTAL","","","","","","","","00000000","","HONEY","HONEY, BEE COLONIES - LOSS, DEADOUT, MEASURED IN PCT OF COLONIES","TOTAL","NOT SPECIFIED","11",""
"SURVEY","2017","APR THRU JUN","","NATIONAL","US TOTAL","","","","","","","","00000000","","HONEY","HONEY, BEE COLONIES, AFFECTED BY DISEASE - INVENTORY, MEASURED IN PCT OF COLONIES","TOTAL","NOT SPECIFIED","4.6",""
"SURVEY","2017","APR THRU JUN","","NATIONAL","US TOTAL","","","","","","","","00000000","","HONEY","HONEY, BEE COLONIES, AFFECTED BY OTHER CAUSES - INVENTORY, MEASURED IN PCT OF COLONIES","TOTAL","NOT SPECIFIED","7",""
"SURVEY","2017","APR THRU JUN","","NATIONAL","US TOTAL","","","","","","","","00000000","","HONEY","HONEY, BEE COLONIES, AFFECTED BY PESTICIDES - INVENTORY, MEASURED IN PCT OF COLONIES","TOTAL","NOT SPECIFIED","12.3",""
"SURVEY","2017","APR THRU JUN","","NATIONAL","US TOTAL","","","","","","","","00000000","","HONEY","HONEY, BEE COLONIES, AFFECTED BY PESTS ((EXCL VARROA MITES)) - INVENTORY, MEASURED IN PCT OF COLONIES","TOTAL","NOT SPECIFIED","10.9",""
"SURVEY","2017","APR THRU JUN","","NATIONAL","US TOTAL","","","","","","","","00000000","","HONEY","HONEY, BEE COLONIES, AFFECTED BY UNKNOWN CAUSES - INVENTORY, MEASURED IN PCT OF COLONIES","TOTAL","NOT SPECIFIED","4.9",""
"SURVEY","2017","APR THRU JUN","","NATIONAL","US TOTAL","","","","","","","","00000000","","HONEY","HONEY, BEE COLONIES, AFFECTED BY VARROA MITES - INVENTORY, MEASURED IN PCT OF COLONIES","TOTAL","NOT SPECIFIED","40.9",""
"SURVEY","2017","FIRST OF APR","","NATIONAL","US TOTAL","","","","","","","","00000000","","HONEY","HONEY, BEE COLONIES - INVENTORY, MEASURED IN COLONIES","INVENTORY OF BEE COLONIES","INVENTORY OF BEE COLONIES: (LESS THAN 5 COLONIES)","35,000",""
"SURVEY","2017","FIRST OF APR","","NATIONAL","US TOTAL","","","","","","","","00000000","","HONEY","HONEY, BEE COLONIES - INVENTORY, MEASURED IN COLONIES","TOTAL","NOT SPECIFIED","2,694,150",""
"SURVEY","2017","FIRST OF JUL","","NATIONAL","US TOTAL","","","","","","","","00000000","","HONEY","HONEY, BEE COLONIES - INVENTORY, MEASURED IN COLONIES","INVENTORY OF BEE COLONIES","INVENTORY OF BEE COLONIES: (LESS THAN 5 COLONIES)","43,000",""
"SURVEY","2017","FIRST OF JUL","","NATIONAL","US TOTAL","","","","","","","","00000000","","HONEY","HONEY, BEE COLONIES - INVENTORY, MEASURED IN COLONIES","TOTAL","NOT SPECIFIED","2,994,500",""
"SURVEY","2017","JUL THRU SEP","","NATIONAL","US TOTAL","","","","","","","","00000000","","HONEY","HONEY, BEE COLONIES - LOSS, COLONY COLLAPSE DISORDER, MEASURED IN COLONIES","TOTAL","NOT SPECIFIED","49,540",""
"SURVEY","2017","JUL THRU SEP","","NATIONAL","US TOTAL","","","","","","","","00000000","","HONEY","HONEY, BEE COLONIES - LOSS, DEADOUT, MEASURED IN COLONIES","INVENTORY OF BEE COLONIES","INVENTORY OF BEE COLONIES: (LESS THAN 5 COLONIES)","6,000",""
"SURVEY","2017","JUL THRU SEP","","NATIONAL","US TOTAL","","","","","","","","00000000","","HONEY","HONEY, BEE COLONIES - LOSS, DEADOUT, MEASURED IN COLONIES","TOTAL","NOT SPECIFIED","394,810",""
"SURVEY","2017","JUL THRU SEP","","NATIONAL","US TOTAL","","","","","","","","00000000","","HONEY","HONEY, BEE COLONIES - LOSS, DEADOUT, MEASURED IN PCT OF COLONIES","INVENTORY OF BEE COLONIES","INVENTORY OF BEE COLONIES: (LESS THAN 5 COLONIES)","14",""
"SURVEY","2017","JUL THRU SEP","","NATIONAL","US TOTAL","","","","","","","","00000000","","HONEY","HONEY, BEE COLONIES - LOSS, DEADOUT, MEASURED IN PCT OF COLONIES","TOTAL","NOT SPECIFIED","13",""
"SURVEY","2017","JUL THRU SEP","","NATIONAL","US TOTAL","","","","","","","","00000000","","HONEY","HONEY, BEE COLONIES, AFFECTED BY DISEASE - INVENTORY, MEASURED IN PCT OF COLONIES","TOTAL","NOT SPECIFIED","4.8",""
"SURVEY","2017","JUL THRU SEP","","NATIONAL","US TOTAL","","","","","","","","00000000","","HONEY","HONEY, BEE COLONIES, AFFECTED BY OTHER CAUSES - INVENTORY, MEASURED IN PCT OF COLONIES","TOTAL","NOT SPECIFIED","11.6",""
"SURVEY","2017","JUL THRU SEP","","NATIONAL","US TOTAL","","","","","","","","00000000","","HONEY","HONEY, BEE COLONIES, AFFECTED BY PESTICIDES - INVENTORY, MEASURED IN PCT OF COLONIES","TOTAL","NOT SPECIFIED","10.9",""
"SURVEY","2017","JUL THRU SEP","","NATIONAL","US TOTAL","","","","","","","","00000000","","HONEY","HONEY, BEE COLONIES, AFFECTED BY PESTS ((EXCL VARROA MITES)) - INVENTORY, MEASURED IN PCT OF COLONIES","TOTAL","NOT SPECIFIED","15",""
"SURVEY","2017","JUL THRU SEP","","NATIONAL","US TOTAL","","","","","","","","00000000","","HONEY","HONEY, BEE COLONIES, AFFECTED BY UNKNOWN CAUSES - INVENTORY, MEASURED IN PCT OF COLONIES","TOTAL","NOT SPECIFIED","4.9",""
"SURVEY","2017","JUL THRU SEP","","NATIONAL","US TOTAL","","","","","","","","00000000","","HONEY","HONEY, BEE COLONIES, AFFECTED BY VARROA MITES - INVENTORY, MEASURED IN PCT OF COLONIES","TOTAL","NOT SPECIFIED","45.5",""
"SURVEY","2017","FIRST OF OCT","","NATIONAL","US TOTAL","","","","","","","","00000000","","HONEY","HONEY, BEE COLONIES - INVENTORY, MEASURED IN COLONIES","INVENTORY OF BEE COLONIES","INVENTORY OF BEE COLONIES: (LESS THAN 5 COLONIES)","39,000",""
"SURVEY","2017","FIRST OF OCT","","NATIONAL","US TOTAL","","","","","","","","00000000","","HONEY","HONEY, BEE COLONIES - INVENTORY, MEASURED IN COLONIES","TOTAL","NOT SPECIFIED","2,849,770",""
"SURVEY","2017","OCT THRU DEC","","NATIONAL","US TOTAL","","","","","","","","00000000","","HONEY","HONEY, BEE COLONIES - LOSS, COLONY COLLAPSE DISORDER, MEASURED IN COLONIES","TOTAL","NOT SPECIFIED","94,750",""
"SURVEY","2017","OCT THRU DEC","","NATIONAL","US TOTAL","","","","","","","","00000000","","HONEY","HONEY, BEE COLONIES - LOSS, DEADOUT, MEASURED IN COLONIES","INVENTORY OF BEE COLONIES","INVENTORY OF BEE COLONIES: (LESS THAN 5 COLONIES)","7,000",""
"SURVEY","2017","OCT THRU DEC","","NATIONAL","US TOTAL","","","","","","","","00000000","","HONEY","HONEY, BEE COLONIES - LOSS, DEADOUT, MEASURED IN COLONIES","TOTAL","NOT SPECIFIED","424,860",""
"SURVEY","2017","OCT THRU DEC","","NATIONAL","US TOTAL","","","","","","","","00000000","","HONEY","HONEY, BEE COLONIES - LOSS, DEADOUT, MEASURED IN PCT OF COLONIES","INVENTORY OF BEE COLONIES","INVENTORY OF BEE COLONIES: (LESS THAN 5 COLONIES)","18",""
"SURVEY","2017","OCT THRU DEC","","NATIONAL","US TOTAL","","","","","","","","00000000","","HONEY","HONEY, BEE COLONIES - LOSS, DEADOUT, MEASURED IN PCT OF COLONIES","TOTAL","NOT SPECIFIED","15",""
"SURVEY","2017","OCT THRU DEC","","NATIONAL","US TOTAL","","","","","","","","00000000","","HONEY","HONEY, BEE COLONIES, AFFECTED BY DISEASE - INVENTORY, MEASURED IN PCT OF COLONIES","TOTAL","NOT SPECIFIED","9.4",""
"SURVEY","2017","OCT THRU DEC","","NATIONAL","US TOTAL","","","","","","","","00000000","","HONEY","HONEY, BEE COLONIES, AFFECTED BY OTHER CAUSES - INVENTORY, MEASURED IN PCT OF COLONIES","TOTAL","NOT SPECIFIED","11.1",""
"SURVEY","2017","OCT THRU DEC","","NATIONAL","US TOTAL","","","","","","","","00000000","","HONEY","HONEY, BEE COLONIES, AFFECTED BY PESTICIDES - INVENTORY, MEASURED IN PCT OF COLONIES","TOTAL","NOT SPECIFIED","15",""
"SURVEY","2017","OCT THRU DEC","","NATIONAL","US TOTAL","","","","","","","","00000000","","HONEY","HONEY, BEE COLONIES, AFFECTED BY PESTS ((EXCL VARROA MITES)) - INVENTORY, MEASURED IN PCT OF COLONIES","TOTAL","NOT SPECIFIED","18.9",""
"SURVEY","2017","OCT THRU DEC","","NATIONAL","US TOTAL","","","","","","","","00000000","","HONEY","HONEY, BEE COLONIES, AFFECTED BY UNKNOWN CAUSES - INVENTORY, MEASURED IN PCT OF COLONIES","TOTAL","NOT SPECIFIED","7.6",""
"SURVEY","2017","OCT THRU DEC","","NATIONAL","US TOTAL","","","","","","","","00000000","","HONEY","HONEY, BEE COLONIES, AFFECTED BY VARROA MITES - INVENTORY, MEASURED IN PCT OF COLONIES","TOTAL","NOT SPECIFIED","55.3",""
"SURVEY","2016","MARKETING YEAR","","NATIONAL","US TOTAL","","","","","","","","00000000","","HONEY","HONEY, BEE COLONIES - INVENTORY, MEASURED IN COLONIES","TOTAL","NOT SPECIFIED","2,780,000",""
"SURVEY","2016","YEAR","","NATIONAL","US TOTAL","","","","","","","","00000000","","HONEY","HONEY, BEE COLONIES - LOSS, COLONY COLLAPSE DISORDER, MEASURED IN COLONIES","INVENTORY OF BEE COLONIES","INVENTORY OF BEE COLONIES: (LESS THAN 5 COLONIES)","5,500",""
"SURVEY","2016","YEAR","","NATIONAL","US TOTAL","","","","","","","","00000000","","HONEY","HONEY, BEE COLONIES, AFFECTED BY DISEASE - INVENTORY, MEASURED IN PCT OF COLONIES","INVENTORY OF BEE COLONIES","INVENTORY OF BEE COLONIES: (LESS THAN 5 COLONIES)","4.1",""
"SURVEY","2016","YEAR","","NATIONAL","US TOTAL","","","","","","","","00000000","","HONEY","HONEY, BEE COLONIES, AFFECTED BY OTHER CAUSES - INVENTORY, MEASURED IN PCT OF COLONIES","INVENTORY OF BEE COLONIES","INVENTORY OF BEE COLONIES: (LESS THAN 5 COLONIES)","11.6",""
"SURVEY","2016","YEAR","","NATIONAL","US TOTAL","","","","","","","","00000000","","HONEY","HONEY, BEE COLONIES, AFFECTED BY PESTICIDES - INVENTORY, MEASURED IN PCT OF COLONIES","INVENTORY OF BEE COLONIES","INVENTORY OF BEE COLONIES: (LESS THAN 5 COLONIES)","4.3",""
"SURVEY","2016","YEAR","","NATIONAL","US TOTAL","","","","","","","","00000000","","HONEY","HONEY, BEE COLONIES, AFFECTED BY PESTS (EXCL VARROA MITES) - INVENTORY, MEASURED IN PCT OF COLONIES","INVENTORY OF BEE COLONIES","INVENTORY OF BEE COLONIES: (LESS THAN 5 COLONIES)","13.9",""
"SURVEY","2016","YEAR","","NATIONAL","US TOTAL","","","","","","","","00000000","","HONEY","HONEY, BEE COLONIES, AFFECTED BY UNKNOWN CAUSES - INVENTORY, MEASURED IN PCT OF COLONIES","INVENTORY OF BEE COLONIES","INVENTORY OF BEE COLONIES: (LESS THAN 5 COLONIES)","17.5",""
"SURVEY","2016","YEAR","","NATIONAL","US TOTAL","","","","","","","","00000000","","HONEY","HONEY, BEE COLONIES, AFFECTED BY VARROA MITES - INVENTORY, MEASURED IN PCT OF COLONIES","INVENTORY OF BEE COLONIES","INVENTORY OF BEE COLONIES: (LESS THAN 5 COLONIES)","20.9",""
"SURVEY","2016","FIRST OF JAN","","NATIONAL","US TOTAL","","","","","","","","00000000","","HONEY","HONEY, BEE COLONIES - INVENTORY, MEASURED IN COLONIES","INVENTORY OF BEE COLONIES","INVENTORY OF BEE COLONIES: (LESS THAN 5 COLONIES)","44,000",""
"SURVEY","2016","FIRST OF JAN","","NATIONAL","US TOTAL","","","","","","","","00000000","","HONEY","HONEY, BEE COLONIES - INVENTORY, MEASURED IN COLONIES","TOTAL","NOT SPECIFIED","2,619,940",""
"SURVEY","2016","JAN THRU MAR","","NATIONAL","US TOTAL","","","","","","","","00000000","","HONEY","HONEY, BEE COLONIES - LOSS, COLONY COLLAPSE DISORDER, MEASURED IN COLONIES","TOTAL","NOT SPECIFIED","115,950",""
"SURVEY","2016","JAN THRU MAR","","NATIONAL","US TOTAL","","","","","","","","00000000","","HONEY","HONEY, BEE COLONIES - LOSS, DEADOUT, MEASURED IN COLONIES","INVENTORY OF BEE COLONIES","INVENTORY OF BEE COLONIES: (LESS THAN 5 COLONIES)","11,500",""
"SURVEY","2016","JAN THRU MAR","","NATIONAL","US TOTAL","","","","","","","","00000000","","HONEY","HONEY, BEE COLONIES - LOSS, DEADOUT, MEASURED IN COLONIES","TOTAL","NOT SPECIFIED","416,100",""
"SURVEY","2016","JAN THRU MAR","","NATIONAL","US TOTAL","","","","","","","","00000000","","HONEY","HONEY, BEE COLONIES - LOSS, DEADOUT, MEASURED IN PCT OF COLONIES","INVENTORY OF BEE COLONIES","INVENTORY OF BEE COLONIES: (LESS THAN 5 COLONIES)","26",""
"SURVEY","2016","JAN THRU MAR","","NATIONAL","US TOTAL","","","","","","","","00000000","","HONEY","HONEY, BEE COLONIES - LOSS, DEADOUT, MEASURED IN PCT OF COLONIES","TOTAL","NOT SPECIFIED","16",""
"SURVEY","2016","JAN THRU MAR","","NATIONAL","US TOTAL","","","","","","","","00000000","","HONEY","HONEY, BEE COLONIES, AFFECTED BY DISEASE - INVENTORY, MEASURED IN PCT OF COLONIES","TOTAL","NOT SPECIFIED","6.2",""
"SURVEY","2016","JAN THRU MAR","","NATIONAL","US TOTAL","","","","","","","","00000000","","HONEY","HONEY, BEE COLONIES, AFFECTED BY OTHER CAUSES - INVENTORY, MEASURED IN PCT OF COLONIES","TOTAL","NOT SPECIFIED","6.9",""
"SURVEY","2016","JAN THRU MAR","","NATIONAL","US TOTAL","","","","","","","","00000000","","HONEY","HONEY, BEE COLONIES, AFFECTED BY PESTICIDES - INVENTORY, MEASURED IN PCT OF COLONIES","TOTAL","NOT SPECIFIED","10.9",""
"SURVEY","2016","JAN THRU MAR","","NATIONAL","US TOTAL","","","","","","","","00000000","","HONEY","HONEY, BEE COLONIES, AFFECTED BY PESTS ((EXCL VARROA MITES)) - INVENTORY, MEASURED IN PCT OF COLONIES","TOTAL","NOT SPECIFIED","12.6",""
"SURVEY","2016","JAN THRU MAR","","NATIONAL","US TOTAL","","","","","","","","00000000","","HONEY","HONEY, BEE COLONIES, AFFECTED BY UNKNOWN CAUSES - INVENTORY, MEASURED IN PCT OF COLONIES","TOTAL","NOT SPECIFIED","5.4",""
"SURVEY","2016","JAN THRU MAR","","NATIONAL","US TOTAL","","","","","","","","00000000","","HONEY","HONEY, BEE COLONIES, AFFECTED BY VARROA MITES - INVENTORY, MEASURED IN PCT OF COLONIES","TOTAL","NOT SPECIFIED","34.6",""
"SURVEY","2016","APR THRU JUN","","NATIONAL","US TOTAL","","","","","","","","00000000","","HONEY","HONEY, BEE COLONIES - LOSS, COLONY COLLAPSE DISORDER, MEASURED IN COLONIES","TOTAL","NOT SPECIFIED","47,780",""
"SURVEY","2016","APR THRU JUN","","NATIONAL","US TOTAL","","","","","","","","00000000","","HONEY","HONEY, BEE COLONIES - LOSS, DEADOUT, MEASURED IN COLONIES","INVENTORY OF BEE COLONIES","INVENTORY OF BEE COLONIES: (LESS THAN 5 COLONIES)","4,900",""
"SURVEY","2016","APR THRU JUN","","NATIONAL","US TOTAL","","","","","","","","00000000","","HONEY","HONEY, BEE COLONIES - LOSS, DEADOUT, MEASURED IN COLONIES","TOTAL","NOT SPECIFIED","329,820",""
"SURVEY","2016","APR THRU JUN","","NATIONAL","US TOTAL","","","","","","","","00000000","","HONEY","HONEY, BEE COLONIES - LOSS, DEADOUT, MEASURED IN PCT OF COLONIES","INVENTORY OF BEE COLONIES","INVENTORY OF BEE COLONIES: (LESS THAN 5 COLONIES)","12",""
"SURVEY","2016","APR THRU JUN","","NATIONAL","US TOTAL","","","","","","","","00000000","","HONEY","HONEY, BEE COLONIES - LOSS, DEADOUT, MEASURED IN PCT OF COLONIES","TOTAL","NOT SPECIFIED","12",""
"SURVEY","2016","APR THRU JUN","","NATIONAL","US TOTAL","","","","","","","","00000000","","HONEY","HONEY, BEE COLONIES, AFFECTED BY DISEASE - INVENTORY, MEASURED IN PCT OF COLONIES","TOTAL","NOT SPECIFIED","9.5",""
"SURVEY","2016","APR THRU JUN","","NATIONAL","US TOTAL","","","","","","","","00000000","","HONEY","HONEY, BEE COLONIES, AFFECTED BY OTHER CAUSES - INVENTORY, MEASURED IN PCT OF COLONIES","TOTAL","NOT SPECIFIED","12.3",""
"SURVEY","2016","APR THRU JUN","","NATIONAL","US TOTAL","","","","","","","","00000000","","HONEY","HONEY, BEE COLONIES, AFFECTED BY PESTICIDES - INVENTORY, MEASURED IN PCT OF COLONIES","TOTAL","NOT SPECIFIED","12.4",""
"SURVEY","2016","APR THRU JUN","","NATIONAL","US TOTAL","","","","","","","","00000000","","HONEY","HONEY, BEE COLONIES, AFFECTED BY PESTS ((EXCL VARROA MITES)) - INVENTORY, MEASURED IN PCT OF COLONIES","TOTAL","NOT SPECIFIED","16.3",""
"SURVEY","2016","APR THRU JUN","","NATIONAL","US TOTAL","","","","","","","","00000000","","HONEY","HONEY, BEE COLONIES, AFFECTED BY UNKNOWN CAUSES - INVENTORY, MEASURED IN PCT OF COLONIES","TOTAL","NOT SPECIFIED","4.1",""
"SURVEY","2016","APR THRU JUN","","NATIONAL","US TOTAL","","","","","","","","00000000","","HONEY","HONEY, BEE COLONIES, AFFECTED BY VARROA MITES - INVENTORY, MEASURED IN PCT OF COLONIES","TOTAL","NOT SPECIFIED","53.4",""
"SURVEY","2016","FIRST OF APR","","NATIONAL","US TOTAL","","","","","","","","00000000","","HONEY","HONEY, BEE COLONIES - INVENTORY, MEASURED IN COLONIES","INVENTORY OF BEE COLONIES","INVENTORY OF BEE COLONIES: (LESS THAN 5 COLONIES)","41,000",""
"SURVEY","2016","FIRST OF APR","","NATIONAL","US TOTAL","","","","","","","","00000000","","HONEY","HONEY, BEE COLONIES - INVENTORY, MEASURED IN COLONIES","TOTAL","NOT SPECIFIED","2,801,470",""
"SURVEY","2016","FIRST OF JUL","","NATIONAL","US TOTAL","","","","","","","","00000000","","HONEY","HONEY, BEE COLONIES - INVENTORY, MEASURED IN COLONIES","INVENTORY OF BEE COLONIES","INVENTORY OF BEE COLONIES: (LESS THAN 5 COLONIES)","49,000",""
"SURVEY","2016","FIRST OF JUL","","NATIONAL","US TOTAL","","","","","","","","00000000","","HONEY","HONEY, BEE COLONIES - INVENTORY, MEASURED IN COLONIES","TOTAL","NOT SPECIFIED","3,181,180",""
"SURVEY","2016","JUL THRU SEP","","NATIONAL","US TOTAL","","","","","","","","00000000","","HONEY","HONEY, BEE COLONIES - LOSS, COLONY COLLAPSE DISORDER, MEASURED IN COLONIES","TOTAL","NOT SPECIFIED","92,610",""
"SURVEY","2016","JUL THRU SEP","","NATIONAL","US TOTAL","","","","","","","","00000000","","HONEY","HONEY, BEE COLONIES - LOSS, DEADOUT, MEASURED IN COLONIES","INVENTORY OF BEE COLONIES","INVENTORY OF BEE COLONIES: (LESS THAN 5 COLONIES)","6,500",""
"SURVEY","2016","JUL THRU SEP","","NATIONAL","US TOTAL","","","","","","","","00000000","","HONEY","HONEY, BEE COLONIES - LOSS, DEADOUT, MEASURED IN COLONIES","TOTAL","NOT SPECIFIED","397,290",""
"SURVEY","2016","JUL THRU SEP","","NATIONAL","US TOTAL","","","","","","","","00000000","","HONEY","HONEY, BEE COLONIES - LOSS, DEADOUT, MEASURED IN PCT OF COLONIES","INVENTORY OF BEE COLONIES","INVENTORY OF BEE COLONIES: (LESS THAN 5 COLONIES)","13",""
"SURVEY","2016","JUL THRU SEP","","NATIONAL","US TOTAL","","","","","","","","00000000","","HONEY","HONEY, BEE COLONIES - LOSS, DEADOUT, MEASURED IN PCT OF COLONIES","TOTAL","NOT SPECIFIED","12",""
"SURVEY","2016","JUL THRU SEP","","NATIONAL","US TOTAL","","","","","","","","00000000","","HONEY","HONEY, BEE COLONIES, AFFECTED BY DISEASE - INVENTORY, MEASURED IN PCT OF COLONIES","TOTAL","NOT SPECIFIED","6.7",""
"SURVEY","2016","JUL THRU SEP","","NATIONAL","US TOTAL","","","","","","","","00000000","","HONEY","HONEY, BEE COLONIES, AFFECTED BY OTHER CAUSES - INVENTORY, MEASURED IN PCT OF COLONIES","TOTAL","NOT SPECIFIED","9.3",""
"SURVEY","2016","JUL THRU SEP","","NATIONAL","US TOTAL","","","","","","","","00000000","","HONEY","HONEY, BEE COLONIES, AFFECTED BY PESTICIDES - INVENTORY, MEASURED IN PCT OF COLONIES","TOTAL","NOT SPECIFIED","15.1",""
"SURVEY","2016","JUL THRU SEP","","NATIONAL","US TOTAL","","","","","","","","00000000","","HONEY","HONEY, BEE COLONIES, AFFECTED BY PESTS ((EXCL VARROA MITES)) - INVENTORY, MEASURED IN PCT OF COLONIES","TOTAL","NOT SPECIFIED","15.6",""
"SURVEY","2016","JUL THRU SEP","","NATIONAL","US TOTAL","","","","","","","","00000000","","HONEY","HONEY, BEE COLONIES, AFFECTED BY UNKNOWN CAUSES - INVENTORY, MEASURED IN PCT OF COLONIES","TOTAL","NOT SPECIFIED","4.5",""
"SURVEY","2016","JUL THRU SEP","","NATIONAL","US TOTAL","","","","","","","","00000000","","HONEY","HONEY, BEE COLONIES, AFFECTED BY VARROA MITES - INVENTORY, MEASURED IN PCT OF COLONIES","TOTAL","NOT SPECIFIED","46.1",""
"SURVEY","2016","FIRST OF OCT","","NATIONAL","US TOTAL","","","","","","","","00000000","","HONEY","HONEY, BEE COLONIES - INVENTORY, MEASURED IN COLONIES","INVENTORY OF BEE COLONIES","INVENTORY OF BEE COLONIES: (LESS THAN 5 COLONIES)","45,000",""
"SURVEY","2016","FIRST OF OCT","","NATIONAL","US TOTAL","","","","","","","","00000000","","HONEY","HONEY, BEE COLONIES - INVENTORY, MEASURED IN COLONIES","TOTAL","NOT SPECIFIED","3,032,060",""
"SURVEY","2016","OCT THRU DEC","","NATIONAL","US TOTAL","","","","","","","","00000000","","HONEY","HONEY, BEE COLONIES - LOSS, COLONY COLLAPSE DISORDER, MEASURED IN COLONIES","TOTAL","NOT SPECIFIED","129,290",""
"SURVEY","2016","OCT THRU DEC","","NATIONAL","US TOTAL","","","","","","","","00000000","","HONEY","HONEY, BEE COLONIES - LOSS, DEADOUT, MEASURED IN COLONIES","INVENTORY OF BEE COLONIES","INVENTORY OF BEE COLONIES: (LESS THAN 5 COLONIES)","6,500",""
"SURVEY","2016","OCT THRU DEC","","NATIONAL","US TOTAL","","","","","","","","00000000","","HONEY","HONEY, BEE COLONIES - LOSS, DEADOUT, MEASURED IN COLONIES","TOTAL","NOT SPECIFIED","502,350",""
"SURVEY","2016","OCT THRU DEC","","NATIONAL","US TOTAL","","","","","","","","00000000","","HONEY","HONEY, BEE COLONIES - LOSS, DEADOUT, MEASURED IN PCT OF COLONIES","INVENTORY OF BEE COLONIES","INVENTORY OF BEE COLONIES: (LESS THAN 5 COLONIES)","14",""
"SURVEY","2016","OCT THRU DEC","","NATIONAL","US TOTAL","","","","","","","","00000000","","HONEY","HONEY, BEE COLONIES - LOSS, DEADOUT, MEASURED IN PCT OF COLONIES","TOTAL","NOT SPECIFIED","17",""
"SURVEY","2016","OCT THRU DEC","","NATIONAL","US TOTAL","","","","","","","","00000000","","HONEY","HONEY, BEE COLONIES, AFFECTED BY DISEASE - INVENTORY, MEASURED IN PCT OF COLONIES","TOTAL","NOT SPECIFIED","8.3",""
"SURVEY","2016","OCT THRU DEC","","NATIONAL","US TOTAL","","","","","","","","00000000","","HONEY","HONEY, BEE COLONIES, AFFECTED BY OTHER CAUSES - INVENTORY, MEASURED IN PCT OF COLONIES","TOTAL","NOT SPECIFIED","10.1",""
"SURVEY","2016","OCT THRU DEC","","NATIONAL","US TOTAL","","","","","","","","00000000","","HONEY","HONEY, BEE COLONIES, AFFECTED BY PESTICIDES - INVENTORY, MEASURED IN PCT OF COLONIES","TOTAL","NOT SPECIFIED","9.4",""
"SURVEY","2016","OCT THRU DEC","","NATIONAL","US TOTAL","","","","","","","","00000000","","HONEY","HONEY, BEE COLONIES, AFFECTED BY PESTS ((EXCL VARROA MITES)) - INVENTORY, MEASURED IN PCT OF COLONIES","TOTAL","NOT SPECIFIED","16.9",""
"SURVEY","2016","OCT THRU DEC","","NATIONAL","US TOTAL","","","","","","","","00000000","","HONEY","HONEY, BEE COLONIES, AFFECTED BY UNKNOWN CAUSES - INVENTORY, MEASURED IN PCT OF COLONIES","TOTAL","NOT SPECIFIED","6.4",""
"SURVEY","2016","OCT THRU DEC","","NATIONAL","US TOTAL","","","","","","","","00000000","","HONEY","HONEY, BEE COLONIES, AFFECTED BY VARROA MITES - INVENTORY, MEASURED IN PCT OF COLONIES","TOTAL","NOT SPECIFIED","46.6",""
"SURVEY","2015","MARKETING YEAR","","NATIONAL","US TOTAL","","","","","","","","00000000","","HONEY","HONEY, BEE COLONIES - INVENTORY, MEASURED IN COLONIES","TOTAL","NOT SPECIFIED","2,661,000",""
"SURVEY","2015","YEAR","","NATIONAL","US TOTAL","","","","","","","","00000000","","HONEY","HONEY, BEE COLONIES - LOSS, COLONY COLLAPSE DISORDER, MEASURED IN COLONIES","INVENTORY OF BEE COLONIES","INVENTORY OF BEE COLONIES: (LESS THAN 5 COLONIES)","7,000",""
"SURVEY","2015","YEAR","","NATIONAL","US TOTAL","","","","","","","","00000000","","HONEY","HONEY, BEE COLONIES, AFFECTED BY DISEASE - INVENTORY, MEASURED IN PCT OF COLONIES","INVENTORY OF BEE COLONIES","INVENTORY OF BEE COLONIES: (LESS THAN 5 COLONIES)","2.2",""
"SURVEY","2015","YEAR","","NATIONAL","US TOTAL","","","","","","","","00000000","","HONEY","HONEY, BEE COLONIES, AFFECTED BY OTHER CAUSES - INVENTORY, MEASURED IN PCT OF COLONIES","INVENTORY OF BEE COLONIES","INVENTORY OF BEE COLONIES: (LESS THAN 5 COLONIES)","15.5",""
"SURVEY","2015","YEAR","","NATIONAL","US TOTAL","","","","","","","","00000000","","HONEY","HONEY, BEE COLONIES, AFFECTED BY PESTICIDES - INVENTORY, MEASURED IN PCT OF COLONIES","INVENTORY OF BEE COLONIES","INVENTORY OF BEE COLONIES: (LESS THAN 5 COLONIES)","4.9",""
"SURVEY","2015","YEAR","","NATIONAL","US TOTAL","","","","","","","","00000000","","HONEY","HONEY, BEE COLONIES, AFFECTED BY PESTS (EXCL VARROA MITES) - INVENTORY, MEASURED IN PCT OF COLONIES","INVENTORY OF BEE COLONIES","INVENTORY OF BEE COLONIES: (LESS THAN 5 COLONIES)","12.5",""
"SURVEY","2015","YEAR","","NATIONAL","US TOTAL","","","","","","","","00000000","","HONEY","HONEY, BEE COLONIES, AFFECTED BY UNKNOWN CAUSES - INVENTORY, MEASURED IN PCT OF COLONIES","INVENTORY OF BEE COLONIES","INVENTORY OF BEE COLONIES: (LESS THAN 5 COLONIES)","20.8",""
"SURVEY","2015","YEAR","","NATIONAL","US TOTAL","","","","","","","","00000000","","HONEY","HONEY, BEE COLONIES, AFFECTED BY VARROA MITES - INVENTORY, MEASURED IN PCT OF COLONIES","INVENTORY OF BEE COLONIES","INVENTORY OF BEE COLONIES: (LESS THAN 5 COLONIES)","19.8",""
"SURVEY","2015","FIRST OF JAN","","NATIONAL","US TOTAL","","","","","","","","00000000","","HONEY","HONEY, BEE COLONIES - INVENTORY, MEASURED IN COLONIES","INVENTORY OF BEE COLONIES","INVENTORY OF BEE COLONIES: (LESS THAN 5 COLONIES)","50,000",""
"SURVEY","2015","FIRST OF JAN","","NATIONAL","US TOTAL","","","","","","","","00000000","","HONEY","HONEY, BEE COLONIES - INVENTORY, MEASURED IN COLONIES","TOTAL","NOT SPECIFIED","2,824,610",""
"SURVEY","2015","JAN THRU MAR","","NATIONAL","US TOTAL","","","","","","","","00000000","","HONEY","HONEY, BEE COLONIES - LOSS, COLONY COLLAPSE DISORDER, MEASURED IN COLONIES","TOTAL","NOT SPECIFIED","92,250",""
"SURVEY","2015","JAN THRU MAR","","NATIONAL","US TOTAL","","","","","","","","00000000","","HONEY","HONEY, BEE COLONIES - LOSS, DEADOUT, MEASURED IN COLONIES","INVENTORY OF BEE COLONIES","INVENTORY OF BEE COLONIES: (LESS THAN 5 COLONIES)","15,500",""
"SURVEY","2015","JAN THRU MAR","","NATIONAL","US TOTAL","","","","","","","","00000000","","HONEY","HONEY, BEE COLONIES - LOSS, DEADOUT, MEASURED IN COLONIES","TOTAL","NOT SPECIFIED","500,020",""
"SURVEY","2015","JAN THRU MAR","","NATIONAL","US TOTAL","","","","","","","","00000000","","HONEY","HONEY, BEE COLONIES - LOSS, DEADOUT, MEASURED IN PCT OF COLONIES","INVENTORY OF BEE COLONIES","INVENTORY OF BEE COLONIES: (LESS THAN 5 COLONIES)","31",""
"SURVEY","2015","JAN THRU MAR","","NATIONAL","US TOTAL","","","","","","","","00000000","","HONEY","HONEY, BEE COLONIES - LOSS, DEADOUT, MEASURED IN PCT OF COLONIES","TOTAL","NOT SPECIFIED","18",""
"SURVEY","2015","JAN THRU MAR","","NATIONAL","US TOTAL","","","","","","","","00000000","","HONEY","HONEY, BEE COLONIES, AFFECTED BY DISEASE - INVENTORY, MEASURED IN PCT OF COLONIES","TOTAL","NOT SPECIFIED","3.1",""
"SURVEY","2015","JAN THRU MAR","","NATIONAL","US TOTAL","","","","","","","","00000000","","HONEY","HONEY, BEE COLONIES, AFFECTED BY OTHER CAUSES - INVENTORY, MEASURED IN PCT OF COLONIES","TOTAL","NOT SPECIFIED","6.9",""
"SURVEY","2015","JAN THRU MAR","","NATIONAL","US TOTAL","","","","","","","","00000000","","HONEY","HONEY, BEE COLONIES, AFFECTED BY PESTICIDES - INVENTORY, MEASURED IN PCT OF COLONIES","TOTAL","NOT SPECIFIED","7.4",""
"SURVEY","2015","JAN THRU MAR","","NATIONAL","US TOTAL","","","","","","","","00000000","","HONEY","HONEY, BEE COLONIES, AFFECTED BY PESTS ((EXCL VARROA MITES)) - INVENTORY, MEASURED IN PCT OF COLONIES","TOTAL","NOT SPECIFIED","8.6",""
"SURVEY","2015","JAN THRU MAR","","NATIONAL","US TOTAL","","","","","","","","00000000","","HONEY","HONEY, BEE COLONIES, AFFECTED BY UNKNOWN CAUSES - INVENTORY, MEASURED IN PCT OF COLONIES","TOTAL","NOT SPECIFIED","4.3",""
"SURVEY","2015","JAN THRU MAR","","NATIONAL","US TOTAL","","","","","","","","00000000","","HONEY","HONEY, BEE COLONIES, AFFECTED BY VARROA MITES - INVENTORY, MEASURED IN PCT OF COLONIES","TOTAL","NOT SPECIFIED","25.2",""
"SURVEY","2015","APR THRU JUN","","NATIONAL","US TOTAL","","","","","","","","00000000","","HONEY","HONEY, BEE COLONIES - LOSS, COLONY COLLAPSE DISORDER, MEASURED IN COLONIES","TOTAL","NOT SPECIFIED","56,760",""
"SURVEY","2015","APR THRU JUN","","NATIONAL","US TOTAL","","","","","","","","00000000","","HONEY","HONEY, BEE COLONIES - LOSS, DEADOUT, MEASURED IN COLONIES","INVENTORY OF BEE COLONIES","INVENTORY OF BEE COLONIES: (LESS THAN 5 COLONIES)","5,500",""
"SURVEY","2015","APR THRU JUN","","NATIONAL","US TOTAL","","","","","","","","00000000","","HONEY","HONEY, BEE COLONIES - LOSS, DEADOUT, MEASURED IN COLONIES","TOTAL","NOT SPECIFIED","352,860",""
"SURVEY","2015","APR THRU JUN","","NATIONAL","US TOTAL","","","","","","","","00000000","","HONEY","HONEY, BEE COLONIES - LOSS, DEADOUT, MEASURED IN PCT OF COLONIES","INVENTORY OF BEE COLONIES","INVENTORY OF BEE COLONIES: (LESS THAN 5 COLONIES)","13",""
"SURVEY","2015","APR THRU JUN","","NATIONAL","US TOTAL","","","","","","","","00000000","","HONEY","HONEY, BEE COLONIES - LOSS, DEADOUT, MEASURED IN PCT OF COLONIES","TOTAL","NOT SPECIFIED","12",""
"SURVEY","2015","APR THRU JUN","","NATIONAL","US TOTAL","","","","","","","","00000000","","HONEY","HONEY, BEE COLONIES, AFFECTED BY DISEASE - INVENTORY, MEASURED IN PCT OF COLONIES","TOTAL","NOT SPECIFIED","4.9",""
"SURVEY","2015","APR THRU JUN","","NATIONAL","US TOTAL","","","","","","","","00000000","","HONEY","HONEY, BEE COLONIES, AFFECTED BY OTHER CAUSES - INVENTORY, MEASURED IN PCT OF COLONIES","TOTAL","NOT SPECIFIED","11.6",""
"SURVEY","2015","APR THRU JUN","","NATIONAL","US TOTAL","","","","","","","","00000000","","HONEY","HONEY, BEE COLONIES, AFFECTED BY PESTICIDES - INVENTORY, MEASURED IN PCT OF COLONIES","TOTAL","NOT SPECIFIED","16.6",""
"SURVEY","2015","APR THRU JUN","","NATIONAL","US TOTAL","","","","","","","","00000000","","HONEY","HONEY, BEE COLONIES, AFFECTED BY PESTS ((EXCL VARROA MITES)) - INVENTORY, MEASURED IN PCT OF COLONIES","TOTAL","NOT SPECIFIED","19.5",""
"SURVEY","2015","APR THRU JUN","","NATIONAL","US TOTAL","","","","","","","","00000000","","HONEY","HONEY, BEE COLONIES, AFFECTED BY UNKNOWN CAUSES - INVENTORY, MEASURED IN PCT OF COLONIES","TOTAL","NOT SPECIFIED","3.5",""
"SURVEY","2015","APR THRU JUN","","NATIONAL","US TOTAL","","","","","","","","00000000","","HONEY","HONEY, BEE COLONIES, AFFECTED BY VARROA MITES - INVENTORY, MEASURED IN PCT OF COLONIES","TOTAL","NOT SPECIFIED","43.4",""
"SURVEY","2015","FIRST OF APR","","NATIONAL","US TOTAL","","","","","","","","00000000","","HONEY","HONEY, BEE COLONIES - INVENTORY, MEASURED IN COLONIES","INVENTORY OF BEE COLONIES","INVENTORY OF BEE COLONIES: (LESS THAN 5 COLONIES)","43,000",""
"SURVEY","2015","FIRST OF APR","","NATIONAL","US TOTAL","","","","","","","","00000000","","HONEY","HONEY, BEE COLONIES - INVENTORY, MEASURED IN COLONIES","TOTAL","NOT SPECIFIED","2,849,500",""
"SURVEY","2015","FIRST OF JUL","","NATIONAL","US TOTAL","","","","","","","","00000000","","HONEY","HONEY, BEE COLONIES - INVENTORY, MEASURED IN COLONIES","INVENTORY OF BEE COLONIES","INVENTORY OF BEE COLONIES: (LESS THAN 5 COLONIES)","52,000",""
"SURVEY","2015","FIRST OF JUL","","NATIONAL","US TOTAL","","","","","","","","00000000","","HONEY","HONEY, BEE COLONIES - INVENTORY, MEASURED IN COLONIES","TOTAL","NOT SPECIFIED","3,132,880",""
"SURVEY","2015","JUL THRU SEP","","NATIONAL","US TOTAL","","","","","","","","00000000","","HONEY","HONEY, BEE COLONIES - LOSS, COLONY COLLAPSE DISORDER, MEASURED IN COLONIES","TOTAL","NOT SPECIFIED","88,390",""
"SURVEY","2015","JUL THRU SEP","","NATIONAL","US TOTAL","","","","","","","","00000000","","HONEY","HONEY, BEE COLONIES - LOSS, DEADOUT, MEASURED IN COLONIES","INVENTORY OF BEE COLONIES","INVENTORY OF BEE COLONIES: (LESS THAN 5 COLONIES)","6,500",""
"SURVEY","2015","JUL THRU SEP","","NATIONAL","US TOTAL","","","","","","","","00000000","","HONEY","HONEY, BEE COLONIES - LOSS, DEADOUT, MEASURED IN COLONIES","TOTAL","NOT SPECIFIED","457,100",""
"SURVEY","2015","JUL THRU SEP","","NATIONAL","US TOTAL","","","","","","","","00000000","","HONEY","HONEY, BEE COLONIES - LOSS, DEADOUT, MEASURED IN PCT OF COLONIES","INVENTORY OF BEE COLONIES","INVENTORY OF BEE COLONIES: (LESS THAN 5 COLONIES)","13",""
"SURVEY","2015","JUL THRU SEP","","NATIONAL","US TOTAL","","","","","","","","00000000","","HONEY","HONEY, BEE COLONIES - LOSS, DEADOUT, MEASURED IN PCT OF COLONIES","TOTAL","NOT SPECIFIED","15",""
"SURVEY","2015","JUL THRU SEP","","NATIONAL","US TOTAL","","","","","","","","00000000","","HONEY","HONEY, BEE COLONIES, AFFECTED BY DISEASE - INVENTORY, MEASURED IN PCT OF COLONIES","TOTAL","NOT SPECIFIED","8",""
"SURVEY","2015","JUL THRU SEP","","NATIONAL","US TOTAL","","","","","","","","00000000","","HONEY","HONEY, BEE COLONIES, AFFECTED BY OTHER CAUSES - INVENTORY, MEASURED IN PCT OF COLONIES","TOTAL","NOT SPECIFIED","8.8",""
"SURVEY","2015","JUL THRU SEP","","NATIONAL","US TOTAL","","","","","","","","00000000","","HONEY","HONEY, BEE COLONIES, AFFECTED BY PESTICIDES - INVENTORY, MEASURED IN PCT OF COLONIES","TOTAL","NOT SPECIFIED","15.2",""
"SURVEY","2015","JUL THRU SEP","","NATIONAL","US TOTAL","","","","","","","","00000000","","HONEY","HONEY, BEE COLONIES, AFFECTED BY PESTS ((EXCL VARROA MITES)) - INVENTORY, MEASURED IN PCT OF COLONIES","TOTAL","NOT SPECIFIED","17.6",""
"SURVEY","2015","JUL THRU SEP","","NATIONAL","US TOTAL","","","","","","","","00000000","","HONEY","HONEY, BEE COLONIES, AFFECTED BY UNKNOWN CAUSES - INVENTORY, MEASURED IN PCT OF COLONIES","TOTAL","NOT SPECIFIED","4.8",""
"SURVEY","2015","JUL THRU SEP","","NATIONAL","US TOTAL","","","","","","","","00000000","","HONEY","HONEY, BEE COLONIES, AFFECTED BY VARROA MITES - INVENTORY, MEASURED IN PCT OF COLONIES","TOTAL","NOT SPECIFIED","41.2",""
"SURVEY","2015","FIRST OF OCT","","NATIONAL","US TOTAL","","","","","","","","00000000","","HONEY","HONEY, BEE COLONIES - INVENTORY, MEASURED IN COLONIES","INVENTORY OF BEE COLONIES","INVENTORY OF BEE COLONIES: (LESS THAN 5 COLONIES)","49,000",""
"SURVEY","2015","FIRST OF OCT","","NATIONAL","US TOTAL","","","","","","","","00000000","","HONEY","HONEY, BEE COLONIES - INVENTORY, MEASURED IN COLONIES","TOTAL","NOT SPECIFIED","2,874,760",""
"SURVEY","2015","OCT THRU DEC","","NATIONAL","US TOTAL","","","","","","","","00000000","","HONEY","HONEY, BEE COLONIES - LOSS, COLONY COLLAPSE DISORDER, MEASURED IN COLONIES","TOTAL","NOT SPECIFIED","87,610",""
"SURVEY","2015","OCT THRU DEC","","NATIONAL","US TOTAL","","","","","","","","00000000","","HONEY","HONEY, BEE COLONIES - LOSS, DEADOUT, MEASURED IN COLONIES","INVENTORY OF BEE COLONIES","INVENTORY OF BEE COLONIES: (LESS THAN 5 COLONIES)","7,000",""
"SURVEY","2015","OCT THRU DEC","","NATIONAL","US TOTAL","","","","","","","","00000000","","HONEY","HONEY, BEE COLONIES - LOSS, DEADOUT, MEASURED IN COLONIES","TOTAL","NOT SPECIFIED","412,380",""
"SURVEY","2015","OCT THRU DEC","","NATIONAL","US TOTAL","","","","","","","","00000000","","HONEY","HONEY, BEE COLONIES - LOSS, DEADOUT, MEASURED IN PCT OF COLONIES","INVENTORY OF BEE COLONIES","INVENTORY OF BEE COLONIES: (LESS THAN 5 COLONIES)","14",""
"SURVEY","2015","OCT THRU DEC","","NATIONAL","US TOTAL","","","","","","","","00000000","","HONEY","HONEY, BEE COLONIES - LOSS, DEADOUT, MEASURED IN PCT OF COLONIES","TOTAL","NOT SPECIFIED","14",""
"SURVEY","2015","OCT THRU DEC","","NATIONAL","US TOTAL","","","","","","","","00000000","","HONEY","HONEY, BEE COLONIES, AFFECTED BY DISEASE - INVENTORY, MEASURED IN PCT OF COLONIES","TOTAL","NOT SPECIFIED","5.2",""
"SURVEY","2015","OCT THRU DEC","","NATIONAL","US TOTAL","","","","","","","","00000000","","HONEY","HONEY, BEE COLONIES, AFFECTED BY OTHER CAUSES - INVENTORY, MEASURED IN PCT OF COLONIES","TOTAL","NOT SPECIFIED","7.3",""
"SURVEY","2015","OCT THRU DEC","","NATIONAL","US TOTAL","","","","","","","","00000000","","HONEY","HONEY, BEE COLONIES, AFFECTED BY PESTICIDES - INVENTORY, MEASURED IN PCT OF COLONIES","TOTAL","NOT SPECIFIED","9.5",""
"SURVEY","2015","OCT THRU DEC","","NATIONAL","US TOTAL","","","","","","","","00000000","","HONEY","HONEY, BEE COLONIES, AFFECTED BY PESTS ((EXCL VARROA MITES)) - INVENTORY, MEASURED IN PCT OF COLONIES","TOTAL","NOT SPECIFIED","11.4",""
"SURVEY","2015","OCT THRU DEC","","NATIONAL","US TOTAL","","","","","","","","00000000","","HONEY","HONEY, BEE COLONIES, AFFECTED BY UNKNOWN CAUSES - INVENTORY, MEASURED IN PCT OF COLONIES","TOTAL","NOT SPECIFIED","6.9",""
"SURVEY","2015","OCT THRU DEC","","NATIONAL","US TOTAL","","","","","","","","00000000","","HONEY","HONEY, BEE COLONIES, AFFECTED BY VARROA MITES - INVENTORY, MEASURED IN PCT OF COLONIES","TOTAL","NOT SPECIFIED","37",""
"SURVEY","2014","MARKETING YEAR","","NATIONAL","US TOTAL","","","","","","","","00000000","","HONEY","HONEY, BEE COLONIES - INVENTORY, MEASURED IN COLONIES","TOTAL","NOT SPECIFIED","2,741,000",""
"SURVEY","2013","MARKETING YEAR","","NATIONAL","US TOTAL","","","","","","","","00000000","","HONEY","HONEY, BEE COLONIES - INVENTORY, MEASURED IN COLONIES","TOTAL","NOT SPECIFIED","2,641,000",""
"SURVEY","2012","MARKETING YEAR","","NATIONAL","US TOTAL","","","","","","","","00000000","","HONEY","HONEY, BEE COLONIES - INVENTORY, MEASURED IN COLONIES","TOTAL","NOT SPECIFIED","2,539,000",""
"SURVEY","2011","MARKETING YEAR","","NATIONAL","US TOTAL","","","","","","","","00000000","","HONEY","HONEY, BEE COLONIES - INVENTORY, MEASURED IN COLONIES","TOTAL","NOT SPECIFIED","2,491,000",""
"SURVEY","2010","MARKETING YEAR","","NATIONAL","US TOTAL","","","","","","","","00000000","","HONEY","HONEY, BEE COLONIES - INVENTORY, MEASURED IN COLONIES","TOTAL","NOT SPECIFIED","2,692,000",""
"SURVEY","2009","MARKETING YEAR","","NATIONAL","US TOTAL","","","","","","","","00000000","","HONEY","HONEY, BEE COLONIES - INVENTORY, MEASURED IN COLONIES","TOTAL","NOT SPECIFIED","2,498,000",""
"SURVEY","2008","MARKETING YEAR","","NATIONAL","US TOTAL","","","","","","","","00000000","","HONEY","HONEY, BEE COLONIES - INVENTORY, MEASURED IN COLONIES","TOTAL","NOT SPECIFIED","2,342,000",""
"SURVEY","2007","MARKETING YEAR","","NATIONAL","US TOTAL","","","","","","","","00000000","","HONEY","HONEY, BEE COLONIES - INVENTORY, MEASURED IN COLONIES","TOTAL","NOT SPECIFIED","2,443,000",""
"SURVEY","2006","MARKETING YEAR","","NATIONAL","US TOTAL","","","","","","","","00000000","","HONEY","HONEY, BEE COLONIES - INVENTORY, MEASURED IN COLONIES","TOTAL","NOT SPECIFIED","2,394,000",""
"SURVEY","2005","MARKETING YEAR","","NATIONAL","US TOTAL","","","","","","","","00000000","","HONEY","HONEY, BEE COLONIES - INVENTORY, MEASURED IN COLONIES","TOTAL","NOT SPECIFIED","2,409,000",""
"SURVEY","2004","MARKETING YEAR","","NATIONAL","US TOTAL","","","","","","","","00000000","","HONEY","HONEY, BEE COLONIES - INVENTORY, MEASURED IN COLONIES","TOTAL","NOT SPECIFIED","2,554,000",""
"SURVEY","2003","MARKETING YEAR","","NATIONAL","US TOTAL","","","","","","","","00000000","","HONEY","HONEY, BEE COLONIES - INVENTORY, MEASURED IN COLONIES","TOTAL","NOT SPECIFIED","2,599,000",""
"SURVEY","2002","MARKETING YEAR","","NATIONAL","US TOTAL","","","","","","","","00000000","","HONEY","HONEY, BEE COLONIES - INVENTORY, MEASURED IN COLONIES","TOTAL","NOT SPECIFIED","2,574,000",""
"SURVEY","2001","MARKETING YEAR","","NATIONAL","US TOTAL","","","","","","","","00000000","","HONEY","HONEY, BEE COLONIES - INVENTORY, MEASURED IN COLONIES","TOTAL","NOT SPECIFIED","2,550,000",""
"SURVEY","2000","MARKETING YEAR","","NATIONAL","US TOTAL","","","","","","","","00000000","","HONEY","HONEY, BEE COLONIES - INVENTORY, MEASURED IN COLONIES","TOTAL","NOT SPECIFIED","2,622,000",""
"SURVEY","1999","MARKETING YEAR","","NATIONAL","US TOTAL","","","","","","","","00000000","","HONEY","HONEY, BEE COLONIES - INVENTORY, MEASURED IN COLONIES","TOTAL","NOT SPECIFIED","2,652,000",""
"SURVEY","1998","MARKETING YEAR","","NATIONAL","US TOTAL","","","","","","","","00000000","","HONEY","HONEY, BEE COLONIES - INVENTORY, MEASURED IN COLONIES","TOTAL","NOT SPECIFIED","2,637,000",""
"SURVEY","1997","MARKETING YEAR","","NATIONAL","US TOTAL","","","","","","","","00000000","","HONEY","HONEY, BEE COLONIES - INVENTORY, MEASURED IN COLONIES","TOTAL","NOT SPECIFIED","2,631,000",""
"SURVEY","1996","MARKETING YEAR","","NATIONAL","US TOTAL","","","","","","","","00000000","","HONEY","HONEY, BEE COLONIES - INVENTORY, MEASURED IN COLONIES","TOTAL","NOT SPECIFIED","2,581,000",""
"SURVEY","1995","MARKETING YEAR","","NATIONAL","US TOTAL","","","","","","","","00000000","","HONEY","HONEY, BEE COLONIES - INVENTORY, MEASURED IN COLONIES","TOTAL","NOT SPECIFIED","2,655,000",""
"SURVEY","1994","MARKETING YEAR","","NATIONAL","US TOTAL","","","","","","","","00000000","","HONEY","HONEY, BEE COLONIES - INVENTORY, MEASURED IN COLONIES","TOTAL","NOT SPECIFIED","2,783,000",""
"SURVEY","1993","MARKETING YEAR","","NATIONAL","US TOTAL","","","","","","","","00000000","","HONEY","HONEY, BEE COLONIES - INVENTORY, MEASURED IN COLONIES","TOTAL","NOT SPECIFIED","2,875,000",""
"SURVEY","1992","MARKETING YEAR","","NATIONAL","US TOTAL","","","","","","","","00000000","","HONEY","HONEY, BEE COLONIES - INVENTORY, MEASURED IN COLONIES","TOTAL","NOT SPECIFIED","3,045,000",""
"SURVEY","1991","MARKETING YEAR","","NATIONAL","US TOTAL","","","","","","","","00000000","","HONEY","HONEY, BEE COLONIES - INVENTORY, MEASURED IN COLONIES","TOTAL","NOT SPECIFIED","3,211,000",""
"SURVEY","1990","MARKETING YEAR","","NATIONAL","US TOTAL","","","","","","","","00000000","","HONEY","HONEY, BEE COLONIES - INVENTORY, MEASURED IN COLONIES","TOTAL","NOT SPECIFIED","3,220,000",""
"SURVEY","1989","MARKETING YEAR","","NATIONAL","US TOTAL","","","","","","","","00000000","","HONEY","HONEY, BEE COLONIES - INVENTORY, MEASURED IN COLONIES","TOTAL","NOT SPECIFIED","3,528,000",""
"SURVEY","1988","MARKETING YEAR","","NATIONAL","US TOTAL","","","","","","","","00000000","","HONEY","HONEY, BEE COLONIES - INVENTORY, MEASURED IN COLONIES","TOTAL","NOT SPECIFIED","3,370,000",""
"SURVEY","1987","MARKETING YEAR","","NATIONAL","US TOTAL","","","","","","","","00000000","","HONEY","HONEY, BEE COLONIES - INVENTORY, MEASURED IN COLONIES","TOTAL","NOT SPECIFIED","3,316,000",""
